bowler,bowling_style,total_deliveries,avg_speed,speed_variability,avg_swing,speed_rank,swing_rank
Shaun Tait,SEAM,571,143.85,4.9,0.138,1,272
Umran Malik,FAST_SEAM,75,142.97,6.81,-0.013,2,530
Tino Best,,634,142.75,6.3,0.308,3,13
Anrich Nortje,FAST_SEAM,1511,141.54,6.41,0.134,4,277
Lockie Ferguson,FAST_SEAM,2345,141.35,7.59,0.225,5,98
Mitchell Starc,FAST_SEAM,14907,141.31,5.19,-0.094,6,603
Billy Stanlake,,509,141.03,5.07,0.206,7,125
Naseem Shah,FAST_SEAM,338,140.88,3.51,0.104,8,342
Mitchell Johnson,FAST_SEAM,9063,140.55,6.28,-0.108,9,608
Adam Milne,FAST_SEAM,2013,140.39,8.41,0.208,10,120
Mohammad Hasnain,FAST_SEAM,253,140.37,4.38,0.143,11,258
Olly Stone,FAST_SEAM,312,140.07,4.7,0.142,12,263
Shannon Gabriel,FAST_SEAM,9312,140.05,5.01,0.193,13,161
Navdeep Saini,FAST_SEAM,799,139.9,6.72,0.243,14,69
Marchant de Lange,SEAM,281,139.83,5.15,0.168,15,216
Brett Lee,FAST_SEAM,644,139.59,6.83,0.097,16,356
Bilawal Bhatti,,420,139.45,4.72,0.353,17,8
Oshane Thomas,FAST_SEAM,825,139.44,5.86,0.163,18,223
Pat Cummins,FAST_SEAM,9148,139.42,6.18,0.238,19,75
Shoaib Akhtar,FAST_SEAM,151,139.39,8.56,0.196,20,151
Morne Morkel,FAST_SEAM,12688,139.2,5.05,0.124,21,301
Mark Wood,FAST_SEAM,5748,139.15,5.66,0.19,22,175
Dirk Nannes,SEAM,126,139.07,4.04,-0.407,23,690
Jofra Archer,FAST_SEAM,2830,139.04,8.48,0.1,24,351
Wahab Riaz,FAST_SEAM,7442,138.93,6.63,-0.06,25,574
Varun Aaron,SEAM,1180,138.84,8.54,0.102,26,348
Ryan Harris,SEAM,183,138.62,3.65,0.19,27,171
Dale Steyn,FAST_SEAM,11239,138.39,5.81,0.074,28,404
Umesh Yadav,FAST_SEAM,11348,138.34,6.33,0.131,29,286
Kagiso Rabada,FAST_SEAM,13014,138.3,5.75,0.206,30,129
Riley Meredith,FAST_SEAM,108,138.26,8.13,0.194,31,157
Hamid Hassan,FAST_SEAM,566,138.21,6.22,0.119,32,310
Lahiru Kumara,FAST_SEAM,3977,137.95,5.35,0.23,33,86
Andy McKay,,61,137.65,5.03,-0.341,34,687
Saqib Mahmood,FAST_SEAM,169,137.63,3.84,0.228,35,90
Ajmal Shahzad,,115,137.6,3.39,0.11,36,332
James Pattinson,FAST_SEAM,3075,137.56,6.27,0.21,37,117
Dhammika Prasad,,499,137.51,4.25,0.191,38,169
Kartik Tyagi,FAST_SEAM,334,137.5,5.59,0.189,39,181
Mohammad Shami,FAST_SEAM,14612,137.23,5.08,0.088,40,376
Pawan Suyal,SEAM,107,137.22,4.42,-0.184,41,650
Jerome Taylor,FAST_SEAM,3949,137.05,5.93,0.073,42,405
Mohammad Irfan,,2970,137.01,6.79,-0.305,43,685
Dushmantha Chameera,,1053,136.89,6.54,0.06,44,430
Wayne Parnell,SEAM,2092,136.69,5.38,-0.118,45,622
Sean Abbott,FAST_SEAM,62,136.67,5.73,0.078,46,395
Prasidh Krishna,MEDIUM_SEAM,955,136.67,10.18,0.226,47,95
Ehsan Adil,,168,136.67,3.66,0.192,48,164
Shaheen Afridi,FAST_SEAM,2340,136.54,5.18,-0.175,49,644
Chris Jordan,FAST_SEAM,3645,136.52,6.63,0.223,50,100
Mohammed Siraj,MEDIUM_SEAM,1298,136.21,7.39,0.262,51,40
Chris Morris,FAST_SEAM,4389,136.18,6.42,0.211,52,116
KM Asif,MEDIUM_SEAM,52,136.09,8.94,0.318,53,11
Mohammad Talha,,126,136.07,6.03,0.14,54,265
Sandeep Warrier,MEDIUM_SEAM,106,135.97,5.55,0.213,55,115
Ben Hilfenhaus,SEAM,390,135.97,8.36,0.019,56,481
Kamlesh Nagarkoti,MEDIUM_SEAM,172,135.92,8.3,0.288,57,23
Hamish Bennett,MEDIUM_SEAM,396,135.79,8.87,0.307,58,14
Tushar Deshpande,SEAM,110,135.75,8.12,0.229,59,89
Nathan Coulter-Nile,FAST_SEAM,2574,135.7,7.01,0.19,60,176
Usman Shinwari,MEDIUM_SEAM,817,135.65,5.24,-0.127,61,629
Shivam Mavi,FAST_SEAM,545,135.59,9.3,0.258,62,45
Jasprit Bumrah,FAST_SEAM,9025,135.58,8.15,0.259,63,42
Veer Pratap Singh,SEAM,211,135.47,4.76,0.196,64,149
Parvinder Awana,SEAM,774,135.38,5.49,0.193,65,160
Umar Gul,FAST_SEAM,1661,135.32,6.83,0.195,66,153
Alzarri Joseph,FAST_SEAM,3696,135.31,5.16,0.244,67,66
Nuwan Pradeep,FAST_SEAM,6708,135.3,5.81,0.156,68,242
Josh Hazlewood,FAST_SEAM,12880,135.3,4.64,0.182,69,192
Duanne Olivier,FAST_SEAM,1568,135.24,4.18,0.26,70,41
Rahat Ali,,680,135.23,5.47,-0.211,71,667
Jade Dernbach,,334,135.16,8.95,0.251,72,56
Taskin Ahmed,,1515,135.07,8.16,0.189,73,180
Boyd Rankin,FAST_SEAM,2046,135.02,6.79,0.234,74,82
Doug Bracewell,SEAM,587,135.01,4.55,0.206,75,124
Steven Finn,,2033,135.0,6.16,0.179,76,199
Abu Nechim,MEDIUM_SEAM,220,134.9,4.9,0.08,77,393
Dane Paterson,FAST_SEAM,213,134.85,4.22,0.194,78,158
Ishant Sharma,FAST_SEAM,12779,134.79,5.43,0.183,79,188
Hardus Viljoen,SEAM,146,134.77,7.43,0.188,80,182
Shanthakumaran Sreesanth,SEAM,218,134.76,6.23,0.094,81,364
Mohammad Naveed,MEDIUM_SEAM,630,134.71,4.42,0.241,82,72
Pradeep Sangwan,SEAM,198,134.69,6.57,-0.193,83,660
Rubel Hossain,FAST_SEAM,4259,134.68,6.15,0.222,84,102
Liam Plunkett,FAST_SEAM,4169,134.65,6.63,0.078,85,394
Beuran Hendricks,FAST_SEAM,288,134.6,8.35,-0.109,86,612
Asitha Fernando,,63,134.59,2.86,0.143,87,259
Ben Stokes,FAST_SEAM,11952,134.58,6.63,0.205,88,134
Jake Ball,FAST_SEAM,1594,134.57,6.12,0.206,89,130
Junaid Khan,FAST_SEAM,6067,134.51,4.8,-0.073,90,585
Andre Russell,FAST_SEAM,2540,134.51,8.07,0.193,91,159
Shaminda Eranga,,620,134.4,6.46,0.18,92,198
Trent Boult,FAST_SEAM,18036,134.38,5.87,-0.083,93,596
Mohammad Amir,FAST_SEAM,7022,134.36,5.7,-0.192,94,657
Hasan Ali,MEDIUM_SEAM,4730,134.36,5.58,0.118,95,313
Avesh Khan,FAST_SEAM,568,134.34,7.22,0.182,96,189
Chris Woakes,FAST_SEAM,9907,134.32,6.8,0.19,97,174
Wafadar Momand,MEDIUM_SEAM,225,134.26,4.34,0.299,98,19
Stuart Broad,FAST_SEAM,17293,134.18,4.58,0.157,99,235
Sohail Khan,,429,134.13,6.99,0.077,100,399
Dawlat Zadran,FAST_SEAM,2561,134.08,8.41,0.178,101,203
Miguel Cummins,,433,134.07,4.3,0.264,102,39
Kyle Abbott,,1438,133.99,5.92,0.214,103,113
Peter Siddle,FAST_SEAM,7393,133.94,4.7,0.137,104,273
RP Singh,SEAM,587,133.92,4.47,-0.193,105,659
Ravi Rampaul,FAST_SEAM,1323,133.91,6.52,0.183,106,187
James Anderson,FAST_SEAM,17909,133.88,4.98,0.128,107,291
Matt Henry,FAST_SEAM,5079,133.85,5.35,0.181,108,197
Daniel Worrall,,162,133.83,8.21,0.085,109,382
Doug Bollinger,SEAM,113,133.83,7.8,-0.276,110,683
Kulwant Khejroliya,FAST_SEAM,101,133.72,7.33,-0.268,111,680
Shardul Thakur,MEDIUM_SEAM,1863,133.6,6.83,0.105,112,338
Shapoor Zadran,FAST_SEAM,649,133.59,5.48,-0.06,113,575
Chris Tremlett,,77,133.57,5.07,0.19,114,172
Kemar Roach,FAST_SEAM,8966,133.52,5.31,0.194,115,155
Lungi Ngidi,FAST_SEAM,2210,133.49,7.75,0.251,116,57
Ankit Rajpoot,SEAM,567,133.42,7.84,0.174,117,208
Junior Dala,MEDIUM_SEAM,127,133.4,7.93,0.252,118,55
Joel Paris,,98,133.31,3.3,-0.439,119,691
Scott Boland,,774,133.26,5.7,0.267,120,36
Ashok Dinda,SEAM,1096,133.23,8.24,0.128,121,294
Aniket Choudhary,SEAM,108,133.17,6.62,-0.175,122,645
Domnic Joseph,SEAM,84,133.13,6.17,0.139,123,269
Jhye Richardson,FAST_SEAM,1037,132.95,9.74,0.255,124,49
Manpreet Gony,SEAM,341,132.92,6.85,0.174,125,209
Rahul Shukla,SEAM,130,132.9,8.24,0.115,126,318
Yamin Ahmadzai,MEDIUM_SEAM,388,132.86,3.54,0.184,127,185
Kamrul Islam,MEDIUM_SEAM,758,132.86,3.89,0.116,128,317
Vishwa Fernando,MEDIUM_SEAM,1863,132.83,4.54,-0.27,129,681
Kane Richardson,FAST_SEAM,1629,132.8,8.2,0.242,130,70
T Natarajan,MEDIUM_SEAM,588,132.78,5.98,-0.181,131,647
Chris Sole,,157,132.75,4.41,0.371,132,6
Ashish Nehra,MEDIUM_SEAM,1426,132.74,6.41,-0.203,133,665
Rory Kleinveldt,,355,132.56,5.53,0.102,134,346
Chris Tremain,,249,132.54,7.7,0.061,135,428
Ebadot Hossain,FAST_SEAM,713,132.45,4.92,0.239,136,74
Willem Mulder - Duplicate,MEDIUM_SEAM,50,132.4,4.16,0.088,137,374
Tim Southee,MEDIUM_SEAM,15749,132.25,6.06,0.131,138,287
Imran Khan,MEDIUM_SEAM,1502,132.23,3.84,0.269,139,34
Khaled Ahmed,MEDIUM_SEAM,362,132.07,3.5,0.167,140,219
Basil Thampi,MEDIUM_SEAM,437,131.99,13.06,0.138,141,270
Kyle Jamieson,MEDIUM_SEAM,705,131.96,5.76,0.158,142,230
Hardik Pandya,MEDIUM_SEAM,4380,131.93,6.69,0.241,143,71
Ryan McLaren,,1795,131.9,6.1,0.194,144,154
Khaleel Ahmed,MEDIUM_SEAM,1063,131.82,7.75,-0.176,145,646
Hasan Mahmud,MEDIUM_SEAM,94,131.78,6.33,0.136,146,274
Juan Theron,MEDIUM_SEAM,77,131.75,13.59,0.203,147,139
Subashis Roy,MEDIUM_SEAM,820,131.7,3.46,0.236,148,78
Albie Morkel,SEAM,736,131.69,8.39,0.182,149,194
Faheem Ashraf,MEDIUM_SEAM,1659,131.68,5.32,0.278,150,28
Suranga Lakmal,FAST_SEAM,12555,131.68,4.88,0.089,151,372
Mitchell McClenaghan,,3663,131.63,7.69,-0.118,152,620
Tim Bresnan,,1399,131.57,6.88,0.307,153,15
Tymal Mills,SEAM,111,131.54,15.3,0.048,154,447
Ishwar Pandey,SEAM,469,131.54,5.7,0.075,155,402
Kasun Rajitha,MEDIUM_SEAM,1535,131.5,7.32,0.145,156,254
Lasith Malinga,FAST_SEAM,6899,131.49,8.85,0.015,157,491
Neil Wagner,MEDIUM_SEAM,8289,131.44,4.42,-0.055,158,570
Sheldon Cottrell,FAST_SEAM,1693,131.37,8.32,-0.074,159,586
Zaheer Khan,FAST_SEAM,3433,131.3,6.26,-0.079,160,592
Craig Overton,MEDIUM_SEAM,754,131.26,3.54,0.109,161,335
Mir Hamza,MEDIUM_SEAM,90,131.25,3.0,-0.08,162,593
Jacques Kallis,FAST_SEAM,1991,131.08,5.54,0.206,163,127
Peter Chase,,1132,130.98,5.82,0.221,164,103
Brian Vitori,,778,130.97,4.18,-0.187,165,653
Craig Young,FAST_SEAM,584,130.88,8.11,0.14,166,267
Ajit Agarkar,FAST_SEAM,153,130.87,6.14,0.179,167,201
Jimmy Neesham,MEDIUM_SEAM,3092,130.86,6.99,0.199,168,145
Joe Mennie,,122,130.83,5.23,0.253,169,54
Siddarth Kaul,MEDIUM_SEAM,1377,130.69,8.17,0.204,170,136
Bhuvneshwar Kumar,MEDIUM_SEAM,12115,130.61,6.17,0.189,171,179
Alfonso Thomas,SEAM,87,130.58,10.93,0.238,172,76
Mitchell Marsh,MEDIUM_SEAM,4777,130.56,5.7,0.122,173,306
Sherman Lewis,FAST_SEAM,241,130.5,3.82,0.226,174,94
Dhawal Kulkarni,MEDIUM_SEAM,1999,130.48,8.95,0.164,175,220
Gurinder Sandhu,,171,130.45,8.3,0.182,176,193
Shane Watson,MEDIUM_SEAM,4570,130.44,5.61,0.163,177,221
Blessing Muzarabani,FAST_SEAM,648,130.38,4.95,0.223,178,99
John Hastings,SEAM,1020,130.38,8.3,0.19,179,170
Ben Wheeler,,319,130.37,5.72,-0.076,180,587
Scott Kuggeleijn,FAST_SEAM,137,130.2,8.62,0.386,181,5
Jason Behrendorff,FAST_SEAM,719,130.14,6.41,-0.213,182,669
Rumman Raees,,475,130.09,7.27,-0.131,183,632
Shingi Masakadza,,232,130.05,6.5,0.075,184,403
Abul Hasan,MEDIUM_SEAM,134,130.01,6.79,0.249,185,61
Michael Neser,SEAM,127,129.93,5.91,0.209,186,119
Alasdair Evans,MEDIUM_SEAM,570,129.91,5.78,0.141,187,264
Ben Cutting,FAST_SEAM,508,129.89,9.48,0.153,188,245
Henry Osinde,,231,129.88,4.97,0.022,189,479
Iain Wardlaw,,270,129.85,5.1,0.094,190,363
Obed McCoy,,87,129.82,8.03,-0.284,191,684
Nehemiah Odhiambo,,271,129.75,8.44,0.226,192,96
Joshua Little,FAST_SEAM,386,129.65,6.69,-0.239,193,675
Carl Mumba,FAST_SEAM,531,129.6,7.22,0.202,194,140
David Willey,FAST_SEAM,2237,129.58,5.82,-0.147,195,640
Prasanth Parameswaran DUPLICATE,SEAM,62,129.57,7.72,-0.185,196,651
Pankaj Singh,SEAM,127,129.55,8.69,0.064,197,421
Aftab Alam,MEDIUM_SEAM,818,129.54,6.54,0.177,198,206
Vernon Philander,FAST_SEAM,9753,129.51,4.03,0.064,199,420
Krishnakant Upadhyay,SEAM,56,129.51,8.66,0.191,200,165
Barinder Sran,SEAM,833,129.47,11.02,-0.187,201,654
Mohit Sharma,SEAM,2948,129.45,10.82,0.064,202,422
Munaf Patel,SEAM,821,129.4,7.55,0.09,203,368
Shafiul Islam,FAST_SEAM,1453,129.38,6.14,0.197,204,148
Keon Harding,,69,129.32,7.38,0.279,205,27
Asad Ali,,123,129.29,4.74,0.146,206,253
Mustafizur Rahman,FAST_SEAM,5771,129.24,6.61,-0.273,207,682
Lahiru Gamage,,418,129.24,5.39,0.253,208,52
Reece Topley,,643,129.15,8.22,-0.108,209,611
Vinay Kumar,SEAM,1738,129.1,8.05,0.026,210,470
Deepak Chahar,MEDIUM_SEAM,1516,129.09,7.18,0.123,211,303
Yo Mahesh,SEAM,61,129.02,5.18,0.046,212,452
Elijah Otieno,,258,128.84,7.72,0.259,213,43
Wiaan Mulder,MEDIUM_SEAM,474,128.82,5.07,-0.002,214,518
Jason Holder,MEDIUM_SEAM,12641,128.82,4.79,0.2,215,143
Sam Curran,MEDIUM_SEAM,2218,128.81,5.44,-0.077,216,588
Anureet Singh,SEAM,396,128.8,7.18,0.08,217,392
Arshdeep Singh,MEDIUM_SEAM,486,128.73,8.19,-0.115,218,617
Curtis Campher,MEDIUM_SEAM,180,128.71,6.36,0.189,219,178
Corey Anderson,,1865,128.59,7.26,-0.029,220,546
Taurai Muzarabani,,328,128.58,2.89,0.189,221,177
Kyle Mills,FAST_SEAM,1294,128.55,5.34,0.23,222,87
Harry Gurney,,625,128.52,10.44,-0.12,223,623
Al-Amin Hossain,MEDIUM_SEAM,1639,128.49,4.7,0.299,224,17
Abdul Razzaq,FAST_SEAM,229,128.46,2.76,0.219,225,106
Clint McKay,SEAM,1354,128.44,7.45,0.199,226,146
James Faulkner,SEAM,4507,128.43,8.55,-0.133,227,634
Anwar Ali,,941,128.41,6.96,0.187,228,184
Lonwabo Tsotsobe,,1133,128.34,5.94,-0.343,229,688
Abu Hider,,109,128.31,6.3,0.009,230,503
George Garton,SEAM,97,128.31,9.2,-0.235,231,673
Thisara Perera,MEDIUM_SEAM,4711,128.13,8.4,0.126,232,296
Mohammad Abbas,MEDIUM_SEAM,3615,128.1,4.57,0.14,233,266
Laxmi Ratan Shukla,SEAM,88,127.81,7.75,0.201,234,142
Rob Taylor,,116,127.7,2.88,-0.255,235,679
Sohail Tanvir,,583,127.68,7.25,-0.154,236,641
Harshal Patel,MEDIUM_SEAM,1327,127.67,9.04,0.191,237,168
Tendai Chatara,FAST_SEAM,4511,127.65,6.92,0.299,238,18
Sreenath Aravind,MEDIUM_SEAM,500,127.61,6.2,-0.147,239,639
Jacob Oram,FAST_SEAM,328,127.6,5.24,0.2,240,144
Chris Martin,FAST_SEAM,118,127.55,3.31,0.163,241,224
Richard Ngarava,,402,127.55,4.4,-0.122,242,624
Solomon Mire,,437,127.39,7.63,0.23,243,85
Anand Rajan,SEAM,127,127.38,8.37,0.174,244,212
Andile Phehlukwayo,MEDIUM_SEAM,2360,127.18,8.06,0.145,245,256
Mark Adair,FAST_SEAM,582,127.15,6.26,0.081,246,387
Lakshmipathy Balaji,SEAM,710,127.1,7.32,0.273,247,30
Amjad Javed,,380,126.99,4.66,0.053,248,438
Marcus Stoinis,MEDIUM_SEAM,2054,126.94,7.97,0.23,249,88
Elton Chigumbura,,632,126.93,4.07,0.256,250,48
Keemo Paul,FAST_SEAM,1000,126.92,9.08,0.096,251,358
Chris Mpofu,FAST_SEAM,2050,126.84,6.7,0.027,252,469
Kyle Jarvis,FAST_SEAM,1875,126.83,5.99,0.148,253,250
Ben Laughlin,SEAM,179,126.82,9.54,0.097,254,355
Dwaine Pretorius,MEDIUM_SEAM,1006,126.8,5.49,0.156,255,240
Carlos Brathwaite,MEDIUM_SEAM,2309,126.76,8.1,0.225,256,97
Irfan Pathan,MEDIUM_SEAM,885,126.66,9.39,-0.132,257,633
Tom Curran,FAST_SEAM,1602,126.65,9.82,0.216,258,109
Stuart Thompson,MEDIUM_SEAM,862,126.64,4.7,0.243,259,68
Daniel Sams,FAST_SEAM,115,126.59,9.37,-0.315,260,686
Abu Jayed,FAST_SEAM,1571,126.48,4.25,0.1,261,350
Moises Henriques,MEDIUM_SEAM,1475,126.41,7.82,0.178,262,202
Mirwais Ashraf,,927,126.35,3.83,0.288,263,24
Sandeep Sharma,MEDIUM_SEAM,2273,126.31,7.48,0.121,264,308
TP Sudhindra,SEAM,74,126.28,9.41,0.062,265,427
Safyaan Sharif,MEDIUM_SEAM,316,126.28,6.49,0.191,266,167
Barry McCarthy,MEDIUM_SEAM,1226,126.26,8.41,0.132,267,284
Trent Johnston,,337,126.12,7.52,0.196,268,150
Neville Madziva,,548,126.06,3.43,0.204,269,135
Vikramjeet Malik,SEAM,80,126.01,8.2,0.226,270,93
Dwayne Smith,SEAM,498,126.0,6.01,0.234,271,81
Max Sorensen,,190,125.92,5.07,0.151,272,247
Ehsan Nawaz,,76,125.83,5.91,0.288,273,25
Andrew Tye,MEDIUM_SEAM,1045,125.64,9.16,0.19,274,173
Donald Tiripano,FAST_SEAM,2225,125.49,4.87,0.169,275,214
Nuwan Kulasekara,FAST_SEAM,3187,125.42,6.13,0.215,276,111
Tinashe Panyangara,,2088,125.38,6.68,0.233,277,84
Mudassar Bukhari,,417,125.23,5.04,0.206,278,126
Praveen Kumar,SEAM,1479,125.2,6.65,0.078,279,396
Dan Christian,MEDIUM_SEAM,706,125.18,10.11,0.147,280,251
Azhar Mahmood,SEAM,552,125.0,8.26,0.21,281,118
Mohammad Saifuddin,MEDIUM_SEAM,997,124.98,8.79,0.272,282,31
Jaydev Unadkat,MEDIUM_SEAM,1960,124.92,9.4,-0.216,283,670
Charlton Tshuma,FAST_SEAM,150,124.86,3.78,0.181,284,195
Kevon Cooper,SEAM,600,124.62,11.28,0.227,285,91
Dilhara Lokuhettige,,51,124.61,3.72,0.246,286,64
Luke Wright,SEAM,124,124.6,7.6,0.202,287,141
Khurram Chohan,,176,124.58,6.7,0.205,288,132
Vijay Shankar,MEDIUM_SEAM,489,124.47,7.69,0.085,289,384
Kesrick Williams,MEDIUM_SEAM,209,124.45,11.57,0.362,290,7
Dwayne Bravo,MEDIUM_SEAM,3822,124.37,12.24,0.138,291,271
Harvir Baidwan,,337,124.26,7.61,0.118,292,314
Dasun Shanaka,MEDIUM_SEAM,770,124.07,6.5,0.174,293,210
Chetan Sakariya,FAST_SEAM,334,124.05,8.81,-0.188,294,656
David Wiese,MEDIUM_SEAM,587,123.87,7.21,0.295,295,21
Ziaur Rahman,,202,123.78,6.34,0.259,296,44
Aizaz Khan,,71,123.72,5.26,0.271,297,32
Stuart Binny,SEAM,1083,123.49,8.34,0.124,298,302
John Mooney,,719,123.43,8.26,0.243,299,67
Josh Davey,MEDIUM_SEAM,372,123.24,5.61,0.157,300,236
Angelo Mathews,MEDIUM_SEAM,6068,123.2,6.61,0.215,301,110
Jonathan Carter,MEDIUM_SEAM,143,122.91,7.65,0.125,302,299
Ariful Haque,FAST_SEAM,84,122.84,3.77,0.245,303,65
Mashrafe Mortaza,FAST_SEAM,4303,122.72,6.18,0.192,304,163
Isuru Udana,MEDIUM_SEAM,787,122.71,12.7,-0.207,305,666
James Franklin,SEAM,366,122.67,6.35,-0.078,306,591
Peter Ongondo,,82,122.62,4.52,0.119,307,309
Alex Cusack,,401,122.32,8.12,0.255,308,50
Rishi Dhawan,SEAM,668,122.3,9.3,0.208,309,121
Shivam Dube,MEDIUM_SEAM,144,122.15,4.94,0.213,310,114
Kyle Mayers,,55,121.9,3.2,-0.114,311,616
Colin de Grandhomme,MEDIUM_SEAM,4179,121.84,5.37,0.114,312,321
Nathan Ellis,MEDIUM_SEAM,74,121.8,14.99,0.114,313,322
James Vince,MEDIUM_SEAM,67,121.6,4.7,0.22,314,105
Lahiru Madushanka,FAST_SEAM,148,121.4,8.4,0.155,315,244
Dimitri Mascarenhas,SEAM,121,121.26,6.33,0.283,316,26
Darren Sammy,SEAM,1810,121.21,7.62,0.194,317,156
Ravi Bopara,,1074,121.19,9.4,0.235,318,80
Berend Westdijk,,146,121.07,6.4,0.221,319,104
Thomas Odoyo,MEDIUM_SEAM,157,120.74,7.94,0.151,320,246
Venkatesh Iyer,FAST_SEAM,54,120.53,12.5,0.005,321,511
Chamu Chibhabha,MEDIUM_SEAM,1041,120.44,6.83,0.182,322,191
Tim Murtagh,,1950,120.31,4.49,0.233,323,83
Manjula Guruge,,174,120.09,5.77,-0.25,324,677
Siddharth Trivedi,SEAM,692,119.9,8.97,0.174,325,211
Ryan ten Doeschate,SEAM,402,119.54,7.51,0.267,326,37
Victor Nyauchi,FAST_SEAM,165,119.33,10.86,0.099,327,354
Keaton Jennings,MEDIUM_SEAM,73,119.22,5.91,0.134,328,279
Amit Singh,SEAM,204,119.21,9.88,0.248,329,63
Raymon Reifer,MEDIUM_SEAM,329,119.1,7.4,-0.039,330,556
Temba Bavuma,MEDIUM_SEAM,98,119.05,7.75,0.269,331,33
Rovman Powell,MEDIUM_SEAM,204,118.87,2.81,0.205,332,133
Soumya Sarkar,MEDIUM_SEAM,836,118.75,7.67,0.136,333,276
Harmeet Singh Bansal,SEAM,192,118.68,10.79,0.125,334,298
Richie Berrington,MEDIUM_SEAM,309,118.53,5.62,0.086,335,379
Andrew McDonald,SEAM,73,118.52,7.71,0.109,336,334
Gulbadin Naib,MEDIUM_SEAM,1814,118.21,10.94,0.091,337,366
Kevin O'Brien,MEDIUM_SEAM,1800,117.93,5.3,0.038,338,457
Farveez Maharoof,FAST_SEAM,215,117.42,10.7,0.08,339,391
AB de Villiers,MEDIUM_SEAM,195,117.41,5.92,0.129,340,290
Bernardus Loots,,170,117.14,6.2,0.02,341,480
Tawanda Mupariwa,,253,116.95,7.79,0.191,342,166
Jesse Ryder,SEAM,158,116.87,7.81,0.182,343,190
Younis Khan,MEDIUM_SEAM,120,116.63,1.94,0.052,344,439
Naveen-ul-Haq,MEDIUM_SEAM,275,115.73,11.87,0.352,345,9
Tayla Vlaeminck,FAST_SEAM,68,115.45,3.36,0.268,346,35
Shan Masood,MEDIUM_SEAM,79,115.18,2.72,0.181,347,196
Andre Botha,,115,114.82,5.43,0.302,348,16
Rizwan Cheema,,250,114.57,6.42,0.11,349,331
Kieron Pollard,MEDIUM_SEAM,1874,114.56,9.31,0.297,350,20
Ashish Reddy,SEAM,251,114.41,12.68,0.107,351,337
Scott Styris,MEDIUM_SEAM,173,114.35,8.04,0.131,352,289
Peter Borren,,187,114.05,7.58,0.217,353,108
Abhishek Nayar,SEAM,56,113.64,9.02,0.093,354,365
Shabnim Ismail,FAST_SEAM,60,113.35,6.15,0.123,355,304
Grant Elliott,,713,113.2,8.39,-0.032,356,550
Colin Munro,MEDIUM_SEAM,640,112.66,8.4,0.102,357,347
Michael Hussey,MEDIUM_SEAM,81,112.66,9.32,0.158,358,233
Marizanne Kapp,FAST_SEAM,64,112.64,3.36,0.055,359,436
Farhaan Behardien,,698,112.09,6.75,0.163,360,222
Dimuth Karunaratne,MEDIUM_SEAM,253,112.0,3.51,0.167,361,218
Lea Tahuhu,FAST_SEAM,123,111.93,4.43,0.01,362,502
Ellyse Perry,FAST_SEAM,482,111.79,3.74,0.134,363,280
Hamilton Masakadza,MEDIUM_SEAM,1314,111.47,5.56,0.218,364,107
Krishmar Santokie,SEAM,51,111.34,11.32,-0.183,365,649
Katherine Brunt,FAST_SEAM,1017,111.04,5.86,0.08,366,390
Krishna Karate,,151,109.23,7.94,0.07,367,413
Pooja Vastrakar,MEDIUM_SEAM,104,108.23,3.72,0.207,368,122
Jhulan Goswami,FAST_SEAM,738,108.18,4.02,0.109,369,333
Sourav Ganguly,MEDIUM_SEAM,61,108.1,9.28,0.142,370,262
Mansi Joshi,MEDIUM_SEAM,69,107.7,2.16,-0.004,371,521
Theunis de Bruyn,MEDIUM_SEAM,103,106.72,17.51,0.162,372,225
Lahiru Thirimanne,MEDIUM_SEAM,149,106.4,4.04,0.314,373,12
Kate Cross,FAST_SEAM,352,106.33,3.59,0.113,374,326
Brendon McCullum,MEDIUM_SEAM,140,106.28,6.23,0.248,375,62
Anya Shrubsole,MEDIUM_SEAM,829,106.27,5.29,0.142,376,261
Lendl Simmons,,85,105.5,5.28,0.257,377,46
Virat Kohli,MEDIUM_SEAM,505,104.7,6.17,0.178,378,204
Deandra Dottin,FAST_SEAM,111,104.61,13.04,0.158,379,231
Jahanara Alam,MEDIUM_SEAM,78,104.34,5.34,0.086,380,381
Ayabonga Khaka,MEDIUM_SEAM,112,103.82,7.1,0.081,381,388
Shikha Pandey,MEDIUM_SEAM,417,103.64,3.79,0.167,382,217
Rajat Bhatia,SEAM,1102,103.28,9.81,0.115,383,320
Sophie Devine,MEDIUM_SEAM,87,102.5,7.42,0.038,384,459
Shakera Selman,MEDIUM_SEAM,138,101.5,6.21,0.133,385,282
Natalie Sciver,MEDIUM_SEAM,562,101.22,5.94,0.203,386,137
Rajagopal Sathish,SEAM,62,100.56,12.72,0.205,387,131
Delissa Kimmince,MEDIUM_SEAM,90,99.88,6.09,0.087,388,378
Diana Baig,MEDIUM_SEAM,60,99.46,2.65,0.048,389,445
Megan Schutt,FAST_SEAM,567,99.14,5.03,0.239,390,73
Paul Collingwood,MEDIUM_SEAM,138,98.98,8.69,0.017,391,488
Hayden Walsh,LEG_SPIN,79,98.82,15.84,0.097,392,357
Lalit Yadav,OFF_SPIN,84,98.13,4.95,0.073,393,406
Georgia Elwiss,MEDIUM_SEAM,123,97.94,4.87,0.014,394,494
Suzie Bates,MEDIUM_SEAM,173,97.79,3.11,0.051,395,441
Krishnappa Gowtham,OFF_SPIN,414,97.43,4.34,0.047,396,451
Rohan Mustafa,OFF_SPIN,413,97.1,7.71,0.088,397,377
Shivil Kaushik,UNORTHODOX,210,95.76,4.63,0.009,398,504
Varun Chakaravarthy,LEG_SPIN,747,95.48,5.41,0.178,399,205
Jenny Gunn,MEDIUM_SEAM,414,95.35,10.54,0.108,400,336
Krunal Pandya,ORTHODOX,1617,95.11,7.3,0.103,401,345
Washington Sundar,OFF_SPIN,1050,95.09,6.28,0.024,402,475
Nitish Rana,OFF_SPIN,119,94.86,7.8,0.054,403,437
David Warner,LEG_SPIN,214,94.6,17.87,-0.093,404,602
Harpreet Brar,ORTHODOX,196,94.5,3.58,0.169,405,215
David Hussey,SEAM,225,94.38,9.03,0.001,406,515
Sripali Weerakkody,MEDIUM_SEAM,121,94.34,4.39,0.491,407,1
Roelof van der Merwe,ORTHODOX,128,94.2,7.5,0.064,408,419
KC Cariappa,LEG_SPIN,224,93.62,7.89,0.066,409,418
Abdur Rehman,,501,93.45,5.76,-0.055,410,572
Udeshika Prabodhani,MEDIUM_SEAM,72,93.42,2.86,-0.086,411,598
Swapnil Singh,SEAM,61,93.33,7.28,0.157,412,237
Rashid Khan,LEG_SPIN,5405,93.32,4.69,0.145,413,255
Mujeeb Ur Rahman,OFF_SPIN,2202,93.31,5.15,0.114,414,325
Shahbaz Ahmed,ORTHODOX,121,93.24,3.49,0.071,415,410
Mahipal Lomror,ORTHODOX,61,93.07,4.43,0.203,416,138
Axar Patel,ORTHODOX,5361,92.83,5.62,0.125,417,300
Ehsan Khan,OFF_SPIN,109,92.82,3.54,0.119,418,311
Murali Vijay,SEAM,75,92.69,5.79,0.03,419,467
Michael Yardy,,160,92.43,10.53,0.032,420,465
Parveez Rasool,SEAM,261,92.42,6.23,-0.027,421,545
Ravi Bishnoi,LEG_SPIN,532,92.36,3.87,0.256,422,47
Shahid Afridi,LEG_SPIN,2845,92.28,6.0,0.025,423,474
Ainsley Ndlovu,ORTHODOX,252,92.28,9.62,-0.045,424,560
Rahul Sharma,SEAM,507,92.21,5.74,-0.02,425,537
Shivam Sharma,SEAM,114,92.19,4.34,-0.082,426,594
Samuel Badree,SEAM,263,92.08,5.91,0.09,427,370
Yusuf Pathan,SEAM,550,91.9,6.13,0.003,428,514
Sunil Narine,OFF_SPIN,5972,91.87,5.9,0.158,429,232
Riyan Parag,LEG_SPIN,136,91.75,6.04,0.001,430,516
Murali Kartik,SEAM,515,91.61,7.78,0.014,431,493
Deepak Hooda,OFF_SPIN,335,91.54,4.58,-0.056,432,573
Ali Murtaza,SEAM,74,91.51,4.02,0.059,433,432
Mark Watt,ORTHODOX,316,91.49,5.52,0.143,434,260
Ravindra Jadeja,ORTHODOX,21556,91.23,4.84,-0.054,435,568
Matt Machan,,79,91.07,6.03,-0.195,436,661
Imad Wasim,ORTHODOX,2314,90.98,5.87,0.049,437,443
Rachin Ravindra,,96,90.75,3.9,0.043,438,454
Iqbal Abdulla,SEAM,569,90.46,4.71,0.026,439,472
Suresh Raina,OFF_SPIN,1691,90.34,5.44,0.015,440,492
Tafadzwa Kamungozi,,399,90.32,4.66,0.088,441,375
Pawan Negi,ORTHODOX,733,90.26,5.32,0.062,442,425
Syed Mohammad,SEAM,105,90.22,4.57,0.323,443,10
Rahul Chahar,LEG_SPIN,917,90.16,4.4,-0.018,444,534
Chris Gayle,OFF_SPIN,730,90.14,10.09,0.062,445,426
Ankit Sharma,SEAM,375,90.12,4.49,0.084,446,386
Ashton Agar,ORTHODOX,1484,90.1,4.86,-0.023,447,540
Jimmy Hansra,,145,89.99,5.97,0.024,448,477
Daniel Vettori,ORTHODOX,1780,89.97,7.21,0.091,449,367
Asela Gunaratne,,846,89.91,8.64,0.174,450,207
Sohaib Maqsood,,55,89.88,3.59,-0.145,451,638
Tendai Chisoro,,639,89.82,5.72,-0.02,452,536
Kinchit Shah,,54,89.82,2.85,-0.238,453,674
Monty Panesar,ORTHODOX,1523,89.8,5.1,-0.055,454,571
Nadeem Ahmed,,84,89.75,3.81,0.126,455,297
Murugan Ashwin,LEG_SPIN,694,89.71,4.48,0.096,456,359
Anton Devcich,,335,89.68,5.04,0.25,457,58
Khary Pierre,ORTHODOX,98,89.61,3.28,0.044,458,453
Saeed Ajmal,OFF_SPIN,6476,89.54,5.87,0.105,459,340
Ashley Nurse,OFF_SPIN,1906,89.51,4.91,0.132,460,283
Shahbaz Nadeem,ORTHODOX,1797,89.49,7.02,0.051,461,440
Abdur Razzak,ORTHODOX,1404,89.31,5.61,0.058,462,433
Marnus Labuschagne,LEG_SPIN,449,89.29,3.14,-0.127,463,628
Glenn Maxwell,OFF_SPIN,3736,89.24,5.52,-0.016,464,532
Bhargav Bhatt,SEAM,131,89.13,4.57,0.011,465,499
Sulieman Benn,,1445,89.08,6.33,-0.068,466,581
Ajantha Mendis,OFF_SPIN,2202,89.07,6.69,0.085,467,383
Marlon Samuels,OFF_SPIN,2562,89.03,7.46,0.199,468,147
Xavier Doherty,,978,89.02,4.8,0.047,469,449
Mosharraf Hossain,ORTHODOX,66,88.9,3.07,-0.003,470,520
Nathan McCullum,,2088,88.87,5.34,0.071,471,409
Harbhajan Singh,OFF_SPIN,4393,88.81,6.27,0.149,472,248
Paul Stirling,OFF_SPIN,1340,88.81,6.39,0.068,473,415
Shem Ngoche,,85,88.76,3.82,-0.05,474,565
James Ngoche,,171,88.67,5.73,0.29,475,22
Shehan Jayasuriya,OFF_SPIN,253,88.58,6.29,0.022,476,478
Mohammad Nawaz,ORTHODOX,1093,88.52,3.99,-0.029,477,547
John Davison,,212,88.47,5.42,0.018,478,486
Fabian Allen,ORTHODOX,577,88.4,4.84,-0.008,479,526
Piyush Chawla,LEG_SPIN,2665,88.34,6.6,0.086,480,380
Shadab Jakati,SEAM,425,88.22,3.81,0.01,481,501
Malcolm Waller,,451,88.15,5.22,-0.007,482,525
Jayant Yadav,OFF_SPIN,1029,88.1,5.98,0.143,483,257
Nathan Lyon,OFF_SPIN,22251,88.1,6.31,0.195,484,152
D'Arcy Short,UNORTHODOX,60,88.09,3.44,0.004,485,512
Pravin Tambe,LEG_SPIN,674,88.07,5.25,0.07,486,411
Ankit Soni,SEAM,112,87.99,5.4,0.056,487,435
Mohammad Nabi,OFF_SPIN,4094,87.97,6.7,0.018,488,482
Shreyas Gopal,LEG_SPIN,940,87.95,6.04,0.156,489,241
Nasir Hossain,,1079,87.94,4.7,0.032,490,464
Johan Botha,SEAM,674,87.87,6.78,0.112,491,327
Hanuma Vihari,OFF_SPIN,391,87.85,3.34,-0.039,492,554
Narsingh Deonarine,,183,87.83,5.99,-0.005,493,522
Zafar Gohar,,61,87.78,1.73,-0.252,494,678
Joe Root,OFF_SPIN,3872,87.77,5.26,-0.049,495,564
Mitchell Santner,ORTHODOX,6050,87.76,5.16,0.013,496,495
Rahul Tewatia,LEG_SPIN,816,87.65,4.84,0.16,497,228
Simi Singh,OFF_SPIN,562,87.6,3.38,0.192,498,162
Jermaine Blackwood,OFF_SPIN,408,87.59,7.12,0.155,499,243
Chaturanga de Silva,,319,87.57,3.04,0.128,500,292
Nikita Miller,,415,87.54,4.24,-0.046,501,562
Ray Price,,300,87.43,5.77,0.235,502,79
Gareth Delany,LEG_SPIN,92,87.42,3.81,0.048,503,446
Travis Head,OFF_SPIN,908,87.42,4.36,0.072,504,408
Ankeet Chavan,SEAM,225,87.4,5.64,0.038,505,458
Moeen Ali,OFF_SPIN,16680,87.4,4.65,0.179,506,200
Jimmy Kamande,,160,87.37,5.06,0.25,507,60
Akeal Hosein,ORTHODOX,317,87.37,4.08,-0.171,508,643
KP Appanna,SEAM,107,87.3,4.61,-0.01,509,527
Iftikhar Ahmed,OFF_SPIN,141,87.28,3.15,-0.197,510,663
George Linde,ORTHODOX,473,87.26,2.65,-0.142,511,637
Aiden Markram,OFF_SPIN,329,87.25,4.7,0.035,512,461
Veerasammy Permaul,,173,87.16,4.69,-0.192,513,658
Brad Hogg,SEAM,466,87.06,6.83,-0.117,514,618
Jagadeesha Suchith,ORTHODOX,319,86.98,4.85,0.104,515,341
Mohammad Hafeez,OFF_SPIN,5148,86.84,4.12,0.09,516,371
Mosaddek Hossain,OFF_SPIN,906,86.75,5.43,0.099,517,353
Nauman Ali,ORTHODOX,479,86.75,3.77,-0.077,518,589
George Dockrell,ORTHODOX,2613,86.62,6.14,0.033,519,463
Zulfiqar Babar,,297,86.58,4.41,0.015,520,490
Andy McBrine,OFF_SPIN,2013,86.55,4.45,0.157,521,238
JP Duminy,SEAM,2821,86.55,5.24,-0.003,522,519
Arafat Sunny,,837,86.55,4.33,0.114,523,324
Sandeep Lamichhane,LEG_SPIN,211,86.54,3.56,0.158,524,234
Shadab Khan,LEG_SPIN,2930,86.5,3.76,-0.083,525,597
Samit Patel,,133,86.47,5.03,-0.036,526,553
Yuvraj Singh,ORTHODOX,1138,86.44,6.55,0.131,527,288
Michael Leask,OFF_SPIN,221,86.39,3.53,0.159,528,229
Imran Tahir,LEG_SPIN,8890,86.35,6.21,0.026,529,471
Graeme Swann,OFF_SPIN,4350,86.34,4.66,0.133,530,281
Harry Tector,,51,86.33,2.85,0.462,531,4
Sabbir Rahman,LEG_SPIN,452,86.28,3.68,-0.044,532,558
Roston Chase,OFF_SPIN,5032,86.19,4.89,0.222,533,101
Adam Zampa,LEG_SPIN,2979,86.17,5.14,0.016,534,489
Rohit Sharma,OFF_SPIN,488,86.16,5.85,0.096,535,360
Shoaib Malik,OFF_SPIN,1763,86.14,4.38,0.025,536,473
Ravichandran Ashwin,OFF_SPIN,25550,86.13,5.89,0.123,537,305
Aaron Phangiso,,1061,86.05,4.06,-0.063,538,578
Wellington Masakadza,,870,86.05,5.43,0.08,539,389
William Somerville,OFF_SPIN,1057,85.96,4.57,0.132,540,285
Kraigg Brathwaite,OFF_SPIN,2204,85.95,7.62,0.089,541,373
Pragyan Ojha,ORTHODOX,3239,85.94,5.26,-0.033,542,551
Danushka Gunathilaka,OFF_SPIN,579,85.93,6.33,-0.202,543,664
Karn Sharma,LEG_SPIN,1647,85.92,5.08,-0.071,544,582
James Tredwell,,1714,85.89,5.44,0.076,545,400
Sean Williams,ORTHODOX,3984,85.86,4.68,0.018,546,487
Gregory Lamb,,217,85.81,5.27,0.25,547,59
Kamindu Mendis,OFF_SPIN,103,85.78,2.84,-0.066,548,580
Dom Bess,OFF_SPIN,1181,85.78,3.57,0.206,549,123
Abhishek Sharma,ORTHODOX,137,85.73,4.0,-0.051,550,566
Tillakaratne Dilshan,OFF_SPIN,2472,85.64,4.81,0.056,551,434
Mohammad Tauqir,,267,85.62,5.99,0.134,552,278
Ambati Rayudu,OFF_SPIN,124,85.49,4.88,-0.118,553,619
Gareth Batty,OFF_SPIN,320,85.48,3.5,0.07,554,412
Jason Krejza,,375,85.45,4.79,0.227,555,92
Pradeep Sahu,SEAM,107,85.42,7.73,-0.014,556,531
Balaji Rao,,327,85.37,4.69,-0.127,557,630
Dane Piedt,OFF_SPIN,1825,85.31,5.03,0.184,558,186
Muttiah Muralitharan,OFF_SPIN,922,85.3,6.03,0.128,559,295
Suraj Randiv,,223,85.27,3.98,0.171,560,213
Stephen Parry,,116,85.21,4.8,0.007,561,507
Bilal Asif,,133,85.21,1.71,0.096,562,361
Javed Ahmadi,OFF_SPIN,167,85.12,3.95,0.264,563,38
Nayeem Hasan,OFF_SPIN,1142,85.06,3.82,0.236,564,77
Raza Hasan,,62,85.05,2.48,-0.212,565,668
Tinotenda Mutombodzi,LEG_SPIN,320,84.97,2.0,-0.082,566,595
Dilruwan Perera,OFF_SPIN,11250,84.95,3.89,0.114,567,323
Kevin Pietersen,OFF_SPIN,172,84.94,6.83,0.078,568,397
Jack Leach,ORTHODOX,3361,84.94,3.79,-0.136,569,635
Samiullah Shinwari,LEG_SPIN,625,84.92,4.67,-0.06,570,576
Martin Guptill,OFF_SPIN,173,84.91,3.53,0.115,571,319
Shikhar Dhawan,OFF_SPIN,91,84.9,5.15,0.039,572,456
Ajit Chandila,SEAM,234,84.86,3.87,0.122,573,307
Sohag Gazi,,546,84.81,3.42,0.117,574,315
Yuzvendra Chahal,LEG_SPIN,5215,84.81,5.73,-0.046,575,561
Ramesh Mendis,OFF_SPIN,156,84.81,3.64,0.479,576,2
Fakhar Zaman,ORTHODOX,135,84.78,4.74,0.149,577,249
Mehidy Hasan,OFF_SPIN,7675,84.73,3.88,0.119,578,312
Asad Shafiq,OFF_SPIN,295,84.7,4.06,0.073,579,407
Mahmudullah,OFF_SPIN,2654,84.67,4.93,0.116,580,316
Mayank Markande,LEG_SPIN,323,84.67,4.75,0.09,581,369
Ahmed Shehzad,,100,84.56,1.9,-0.098,582,607
Tabraiz Shamsi,UNORTHODOX,1499,84.56,4.07,0.04,583,455
Michael Clarke,ORTHODOX,560,84.48,4.48,0.032,584,466
Sachithra Senanayake,SEAM,2052,84.46,4.54,0.063,585,423
Faf du Plessis,LEG_SPIN,176,84.43,3.8,-0.108,586,610
Kusal Mendis,LEG_SPIN,105,84.42,7.06,-0.091,587,600
Yasir Shah,LEG_SPIN,13283,84.36,3.66,-0.242,588,676
Haris Sohail,ORTHODOX,1093,84.35,3.5,-0.095,589,604
Brandon Mavuta,LEG_SPIN,587,84.34,3.74,-0.04,590,557
Ajaz Patel,ORTHODOX,1866,84.32,3.51,-0.125,591,626
Adam Voges,,113,84.26,3.46,0.105,592,339
Robin Peterson,SEAM,1025,84.18,5.08,0.047,593,450
Nazmul Islam,ORTHODOX,441,84.17,4.91,0.037,594,460
Kane Williamson,OFF_SPIN,2399,84.14,4.58,0.147,595,252
Liam Dawson,,84,84.09,3.51,-0.126,596,627
Fawad Ahmed,,84,84.06,4.68,-0.22,597,671
Amila Aponso,,431,84.05,4.65,0.012,598,497
Natsai Mushangwe,,219,84.04,4.78,-0.061,599,577
Taijul Islam,ORTHODOX,7610,84.02,4.16,-0.044,600,559
Pieter Seelaar,,360,84.01,6.17,0.018,601,485
Graeme Smith,OFF_SPIN,60,84.01,4.04,-0.188,602,655
Jeffrey Vandersay,LEG_SPIN,504,83.99,3.51,0.007,603,506
Jason Mohammed,,385,83.91,3.82,0.049,604,442
Azhar Ali,LEG_SPIN,973,83.84,3.15,-0.166,605,642
Kedar Jadhav,OFF_SPIN,1215,83.77,6.87,-0.089,606,599
Ashan Priyanjan,,251,83.74,4.54,-0.024,607,541
Dhananjaya de Silva,OFF_SPIN,3037,83.7,5.62,-0.031,608,549
,,133,83.66,3.9,0.013,609,496
Wanindu Hasaranga,LEG_SPIN,657,83.63,3.73,0.006,610,510
Nasir Aziz,,96,83.57,4.85,0.076,611,401
Rahmat Shah,LEG_SPIN,357,83.53,3.68,-0.048,612,563
Aaron Finch,ORTHODOX,311,83.52,8.17,0.099,613,352
Naeem Islam,,235,83.51,4.28,0.018,614,483
Ish Sodhi,LEG_SPIN,4934,83.48,4.23,-0.141,615,636
Prabath Jayasuriya,ORTHODOX,96,83.38,2.82,0.006,616,508
Khan Abdur Razzak,,295,83.38,4.74,0.011,617,500
Amit Mishra,LEG_SPIN,5068,83.36,6.79,-0.02,618,538
Keshav Maharaj,ORTHODOX,6689,83.29,3.78,-0.112,619,614
Collins Obuya,,74,83.28,5.42,-0.018,620,533
Jomel Warrican,ORTHODOX,1979,83.27,5.44,-0.078,621,590
Shaiman Anwar,LEG_SPIN,76,83.25,5.0,0.473,622,3
Karanveer Singh,SEAM,213,83.06,7.58,-0.096,623,605
Steve Tikolo,,129,83.03,4.49,0.16,624,227
John Campbell,OFF_SPIN,68,82.99,3.37,0.156,625,239
Senuran Muthusamy,ORTHODOX,232,82.91,2.62,-0.053,626,567
Bipul Sharma,SEAM,298,82.81,5.19,0.128,627,293
Suhrawadi Shuvo,,60,82.73,2.38,0.094,628,362
Joe Denly,LEG_SPIN,218,82.46,3.56,-0.187,629,652
Sachith Pathirana,,776,82.45,4.0,0.049,630,444
Sikandar Raza,OFF_SPIN,3990,82.43,5.64,0.059,631,431
Gurkeerat Mann Singh,OFF_SPIN,142,82.4,5.93,0.101,632,349
Rahkeem Cornwall,OFF_SPIN,1762,82.18,3.84,0.162,633,226
Niroshan Dickwella,,106,82.18,3.43,0.012,634,498
Seekkuge Prasanna,,1529,82.15,3.52,-0.011,635,528
Nkrumah Bonner,LEG_SPIN,68,81.67,3.33,-0.195,636,662
Adeel Raja,,90,81.63,4.47,-0.026,637,543
Shakib Al Hasan,ORTHODOX,11177,81.48,5.44,0.047,638,448
Graeme Cremer,,2586,81.45,4.48,-0.098,639,606
Lasith Embuldeniya,ORTHODOX,2466,81.45,3.46,-0.108,640,609
Sunzamul Islam,ORTHODOX,392,81.34,4.05,0.008,641,505
Mohammad Ashraful,,67,81.31,3.9,0.034,642,462
Dawid Malan,LEG_SPIN,156,81.3,1.14,-0.387,643,689
Mominul Haque,ORTHODOX,667,81.26,3.47,0.003,644,513
Jubair Hossain,,115,81.24,2.26,0.103,645,344
Devendra Bishoo,LEG_SPIN,6385,81.23,4.7,-0.183,646,648
Akila Dananjaya,OFF_SPIN,3233,80.99,4.35,0.139,647,268
Rangana Herath,ORTHODOX,15755,80.91,5.16,0.006,648,509
Adil Rashid,LEG_SPIN,8845,80.9,4.77,-0.129,649,631
Prosper Utseya,OFF_SPIN,2214,80.63,6.66,0.274,650,29
Tom Cooper,,250,80.43,5.26,0.104,651,343
Steve Smith,LEG_SPIN,1360,80.34,4.43,-0.109,652,613
Milinda Siriwardana,ORTHODOX,1021,80.27,4.31,-0.039,653,555
Hayley Matthews,OFF_SPIN,55,79.72,4.72,0.111,654,330
Danni Wyatt,OFF_SPIN,111,79.71,6.97,0.206,655,128
Ryan Burl,LEG_SPIN,83,79.61,1.21,-0.022,656,539
Sachin Tendulkar,OFF_SPIN,87,79.45,5.82,-0.066,657,579
Jeevan Mendis,LEG_SPIN,579,79.44,5.17,-0.072,658,584
Angelo Perera,ORTHODOX,66,79.4,6.24,-0.124,659,625
Lakshan Sandakan,UNORTHODOX,3320,79.28,4.99,0.077,660,398
Kuldeep Yadav,UNORTHODOX,5249,79.15,4.86,0.06,661,429
Anuja Patil,OFF_SPIN,140,78.97,4.56,0.0,662,517
Sophie Ecclestone,ORTHODOX,1042,78.87,4.79,-0.011,663,529
Malinda Pushpakumara,ORTHODOX,974,78.49,5.2,-0.025,664,542
Laura Marsh,OFF_SPIN,763,78.32,4.68,0.112,665,328
Dean Elgar,ORTHODOX,1024,78.21,5.86,-0.033,666,552
Ashleigh Gardner,OFF_SPIN,394,77.81,5.2,-0.007,667,524
Stafanie Taylor,OFF_SPIN,246,77.29,4.7,0.084,668,385
Harmanpreet Kaur,OFF_SPIN,231,76.54,5.08,-0.019,669,535
Majid Haq,,208,76.5,5.1,0.112,670,329
Jess Jonassen,ORTHODOX,431,76.39,3.83,0.067,671,416
Sana Mir,OFF_SPIN,60,76.29,2.63,0.136,672,275
Salma Khatun,OFF_SPIN,61,75.63,3.57,-0.006,673,523
Sophie Molineux,ORTHODOX,222,75.34,4.19,0.024,674,476
Heather Knight,OFF_SPIN,354,74.95,2.98,0.067,675,417
Anisa Mohammed,OFF_SPIN,232,73.52,2.37,0.254,676,51
Sneh Rana,OFF_SPIN,280,73.23,2.89,0.214,677,112
Deepti Sharma,OFF_SPIN,664,73.03,4.42,0.187,678,183
Rajeshwari Gayakwad,ORTHODOX,236,72.72,3.95,-0.031,679,548
Kirstie Gordon,ORTHODOX,220,71.65,2.65,-0.071,680,583
Shashikala Siriwardene,OFF_SPIN,266,71.48,5.3,0.253,681,53
Alex Hartley,ORTHODOX,277,71.35,2.58,0.068,682,414
Amelia Kerr,LEG_SPIN,67,71.24,2.2,-0.054,683,569
Georgia Wareham,LEG_SPIN,108,71.23,2.18,0.029,684,468
Afy Fletcher,LEG_SPIN,60,71.21,2.97,-0.235,685,672
Ekta Bisht,ORTHODOX,488,70.78,3.73,0.063,686,424
Inoka Ranaweera,ORTHODOX,116,70.38,4.05,0.018,687,484
Nashra Sandhu,ORTHODOX,61,70.1,2.28,-0.026,688,544
Radha Yadav,ORTHODOX,133,69.37,3.46,-0.112,689,615
Harleen Deol,OFF_SPIN,54,67.84,3.9,-0.118,690,621
Poonam Yadav,LEG_SPIN,515,61.27,3.42,-0.092,691,601
Tom Sole,OFF_SPIN,96,,,,692,692
Chamika Karunaratne,MEDIUM_SEAM,164,,,,692,692
Sharafuddin Ashraf,ORTHODOX,120,,,,692,692
Edgar Schiferli,,72,,,,692,692
Prince Masvaure,FAST_SEAM,112,,,,692,692
Jacob Mulder,MEDIUM_SEAM,192,,,,692,692
Zahir Khan,UNORTHODOX,65,,,,692,692
Chaminda Bandara,,61,,,,692,692
Amir Hamza,,1050,,,,692,692
Andy McBrine DUPLICATE,,72,,,,692,692
Calum MacLeod,MEDIUM_SEAM,171,,,,692,692
Michael Rippon,,69,,,,692,692
Waqar Salamkheil,UNORTHODOX,186,,,,692,692
Niall O'Brien,,61,,,,692,692
Jeetan Patel,,215,,,,692,692
Imran Haider,LEG_SPIN,151,,,,692,692
Qadeer Ahmed,MEDIUM_SEAM,128,,,,692,692
Zahoor Khan,MEDIUM_SEAM,321,,,,692,692
Fareed Ahmad,,123,,,,692,692
Michael Swart,,90,,,,692,692
James Cameron-Dow,ORTHODOX,336,,,,692,692
Rokhan Barakzai,,62,,,,692,692
Mohammad Sami,,98,,,,692,692
Liam Roche,OFF_SPIN,142,,,,692,692
Ahmed Raza,ORTHODOX,268,,,,692,692
Ronsford Beaton,MEDIUM_SEAM,51,,,,692,692
Ahsan Malik,,79,,,,692,692
Vusi Sibanda,,129,,,,692,692
John Nyumbu,,863,,,,692,692
Con de Lange,,60,,,,692,692
Aamer Yamim,,162,,,,692,692
Seth Rance,MEDIUM_SEAM,107,,,,692,692
Luke Jongwe,,905,,,,692,692
Michael Chinouya,,68,,,,692,692
Todd Astle,LEG_SPIN,453,,,,692,692
Stuart Whittingham,FAST_SEAM,169,,,,692,692
Tanbir Hayder,LEG_SPIN,60,,,,692,692
Scott Cameron,,111,,,,692,692
